<connect gate="G$1" pin="P$20" pad="A10"/>
<connect gate="G$1" pin="P$30" pad="A12"/>
<connect gate="G$1" pin="P$35" pad="A13"/>
<connect gate="G$1" pin="P$41" pad="A14"/>
<connect gate="G$1" pin="P$45" pad="A15"/>
<connect gate="G$1" pin="P$1" pad="A5"/>
<connect gate="G$1" pin="P$6" pad="A7"/>
<connect gate="G$1" pin="P$11" pad="A8"/>
<connect gate="G$1" pin="P$15" pad="A9"/>
<connect gate="G$1" pin="P$151" pad="AA10"/>
<connect gate="G$1" pin="P$142" pad="AA12"/>
<connect gate="G$1" pin="P$137" pad="AA13"/>
<connect gate="G$1" pin="P$131" pad="AA14"/>
<connect gate="G$1" pin="P$126" pad="AA15"/>
<connect gate="G$1" pin="P$118" pad="AA17"/>
<connect gate="G$1" pin="P$115" pad="AA18"/>
<connect gate="G$1" pin="P$111" pad="AA19"/>
<connect gate="G$1" pin="P$109" pad="AA20"/>
<connect gate="G$1" pin="P$105" pad="AA22"/>
<connect gate="G$1" pin="P$167" pad="AA7"/>
<connect gate="G$1" pin="P$162" pad="AA8"/>
<connect gate="G$1" pin="P$156" pad="AA9"/>
<connect gate="G$1" pin="P$150" pad="AB10"/>
<connect gate="G$1" pin="P$146" pad="AB11"/>
<connect gate="G$1" pin="P$141" pad="AB12"/>
<connect gate="G$1" pin="P$136" pad="AB13"/>
<connect gate="G$1" pin="P$125" pad="AB15"/>
<connect gate="G$1" pin="P$117" pad="AB17"/>
<connect gate="G$1" pin="P$114" pad="AB18"/>
<connect gate="G$1" pin="P$108" pad="AB20"/>
<connect gate="G$1" pin="P$107" pad="AB21"/>
<connect gate="G$1" pin="P$106" pad="AB22"/>
<connect gate="G$1" pin="P$171" pad="AB5"/>
<connect gate="G$1" pin="P$169" pad="AB6"/>
<connect gate="G$1" pin="P$166" pad="AB7"/>
<connect gate="G$1" pin="P$161" pad="AB8"/>
<connect gate="G$1" pin="P$21" pad="B10"/>
<connect gate="G$1" pin="P$25" pad="B11"/>
<connect gate="G$1" pin="P$31" pad="B12"/>
<connect gate="G$1" pin="P$36" pad="B13"/>
<connect gate="G$1" pin="P$46" pad="B15"/>
<connect gate="G$1" pin="P$51" pad="B16"/>
<connect gate="G$1" pin="P$2" pad="B5"/>
<connect gate="G$1" pin="P$3" pad="B6"/>
<connect gate="G$1" pin="P$7" pad="B7"/>
<connect gate="G$1" pin="P$27" pad="C11"/>
<connect gate="G$1" pin="P$38" pad="C13"/>
<connect gate="G$1" pin="P$48" pad="C15"/>
<connect gate="G$1" pin="P$53" pad="C16"/>
<connect gate="G$1" pin="P$5" pad="C6"/>
<connect gate="G$1" pin="P$13" pad="C8"/>
<connect gate="G$1" pin="P$17" pad="C9"/>
<connect gate="G$1" pin="P$32" pad="D12"/>
<connect gate="G$1" pin="P$37" pad="D13"/>
<connect gate="G$1" pin="P$54" pad="D17"/>
<connect gate="G$1" pin="P$4" pad="D6"/>
<connect gate="G$1" pin="P$9" pad="D7"/>
<connect gate="G$1" pin="P$16" pad="D9"/>
<connect gate="G$1" pin="P$22" pad="E10"/>
<connect gate="G$1" pin="P$33" pad="E12"/>
<connect gate="G$1" pin="P$42" pad="E14"/>
<connect gate="G$1" pin="P$47" pad="E15"/>
<connect gate="G$1" pin="P$52" pad="E16"/>
<connect gate="G$1" pin="P$8" pad="E7"/>
<connect gate="G$1" pin="P$18" pad="E9"/>
<connect gate="G$1" pin="P$23" pad="F10"/>
<connect gate="G$1" pin="P$34" pad="F12"/>
<connect gate="G$1" pin="P$39" pad="F13"/>
<connect gate="G$1" pin="P$43" pad="F14"/>
<connect gate="G$1" pin="P$49" pad="F15"/>
<connect gate="G$1" pin="P$10" pad="F7"/>
<connect gate="G$1" pin="P$19" pad="F9"/>
<connect gate="G$1" pin="P$24" pad="G10"/>
<connect gate="G$1" pin="P$26" pad="G11"/>
<connect gate="G$1" pin="P$40" pad="G13"/>
<connect gate="G$1" pin="P$50" pad="G15"/>
<connect gate="G$1" pin="P$57" pad="G16"/>
<connect gate="G$1" pin="P$55" pad="G17"/>
<connect gate="G$1" pin="P$56" pad="G18"/>
<connect gate="G$1" pin="P$193" pad="G6"/>
<connect gate="G$1" pin="P$12" pad="G8"/>
<connect gate="G$1" pin="P$28" pad="H11"/>
<connect gate="G$1" pin="P$44" pad="H14"/>
<connect gate="G$1" pin="P$58" pad="H18"/>
<connect gate="G$1" pin="P$192" pad="H6"/>
<connect gate="G$1" pin="P$14" pad="H8"/>
<connect gate="G$1" pin="P$29" pad="J11"/>
<connect gate="G$1" pin="P$61" pad="J17"/>
<connect gate="G$1" pin="P$59" pad="J18"/>
<connect gate="G$1" pin="P$60" pad="J19"/>
<connect gate="G$1" pin="P$190" pad="J7"/>
<connect gate="G$1" pin="P$191" pad="J8"/>
<connect gate="G$1" pin="P$67" pad="K16"/>
<connect gate="G$1" pin="P$66" pad="K17"/>
<connect gate="G$1" pin="P$64" pad="K19"/>
<connect gate="G$1" pin="P$65" pad="K20"/>
<connect gate="G$1" pin="P$63" pad="K21"/>
<connect gate="G$1" pin="P$62" pad="K22"/>
<connect gate="G$1" pin="P$188" pad="K7"/>
<connect gate="G$1" pin="P$189" pad="K9"/>
<connect gate="G$1" pin="P$71" pad="L17"/>
<connect gate="G$1" pin="P$70" pad="L18"/>
<connect gate="G$1" pin="P$69" pad="L19"/>
<connect gate="G$1" pin="P$68" pad="L22"/>
<connect gate="G$1" pin="P$186" pad="L7"/>
<connect gate="G$1" pin="P$187" pad="L8"/>
<connect gate="G$1" pin="P$76" pad="M16"/>
<connect gate="G$1" pin="P$74" pad="M18"/>
<connect gate="G$1" pin="P$75" pad="M20"/>
<connect gate="G$1" pin="P$73" pad="M21"/>
<connect gate="G$1" pin="P$72" pad="M22"/>
<connect gate="G$1" pin="P$183" pad="M6"/>
<connect gate="G$1" pin="P$184" pad="M7"/>
<connect gate="G$1" pin="P$185" pad="M8"/>
<connect gate="G$1" pin="P$80" pad="N16"/>
<connect gate="G$1" pin="P$78" pad="N19"/>
<connect gate="G$1" pin="P$79" pad="N20"/>
<connect gate="G$1" pin="P$77" pad="N21"/>
<connect gate="G$1" pin="P$180" pad="N6"/>
<connect gate="G$1" pin="P$181" pad="N8"/>
<connect gate="G$1" pin="P$182" pad="N9"/>
<connect gate="G$1" pin="P$85" pad="P16"/>
<connect gate="G$1" pin="P$84" pad="P17"/>
<connect gate="G$1" pin="P$82" pad="P18"/>
<connect gate="G$1" pin="P$83" pad="P19"/>
<connect gate="G$1" pin="P$81" pad="P22"/>
<connect gate="G$1" pin="P$177" pad="P6"/>
<connect gate="G$1" pin="P$178" pad="P7"/>
<connect gate="G$1" pin="P$179" pad="P8"/>
<connect gate="G$1" pin="P$149" pad="R11"/>
<connect gate="G$1" pin="P$145" pad="R12"/>
<connect gate="G$1" pin="P$135" pad="R14"/>
<connect gate="G$1" pin="P$89" pad="R16"/>
<connect gate="G$1" pin="P$88" pad="R17"/>
<connect gate="G$1" pin="P$87" pad="R21"/>
<connect gate="G$1" pin="P$86" pad="R22"/>
<connect gate="G$1" pin="P$174" pad="R5"/>
<connect gate="G$1" pin="P$175" pad="R6"/>
<connect gate="G$1" pin="P$176" pad="R7"/>
<connect gate="G$1" pin="P$155" pad="T10"/>
<connect gate="G$1" pin="P$144" pad="T12"/>
<connect gate="G$1" pin="P$140" pad="T13"/>
<connect gate="G$1" pin="P$134" pad="T14"/>
<connect gate="G$1" pin="P$130" pad="T15"/>
<connect gate="G$1" pin="P$94" pad="T17"/>
<connect gate="G$1" pin="P$93" pad="T18"/>
<connect gate="G$1" pin="P$91" pad="T19"/>
<connect gate="G$1" pin="P$92" pad="T20"/>
<connect gate="G$1" pin="P$90" pad="T22"/>
<connect gate="G$1" pin="P$173" pad="T7"/>
<connect gate="G$1" pin="P$165" pad="T8"/>
<connect gate="G$1" pin="P$160" pad="T9"/>
<connect gate="G$1" pin="P$154" pad="U10"/>
<connect gate="G$1" pin="P$147" pad="U11"/>
<connect gate="G$1" pin="P$143" pad="U12"/>
<connect gate="G$1" pin="P$139" pad="U13"/>
<connect gate="G$1" pin="P$129" pad="U15"/>
<connect gate="G$1" pin="P$124" pad="U16"/>
<connect gate="G$1" pin="P$119" pad="U17"/>
<connect gate="G$1" pin="P$97" pad="U20"/>
<connect gate="G$1" pin="P$96" pad="U21"/>
<connect gate="G$1" pin="P$95" pad="U22"/>
<connect gate="G$1" pin="P$172" pad="U6"/>
<connect gate="G$1" pin="P$168" pad="U7"/>
<connect gate="G$1" pin="P$163" pad="U8"/>
<connect gate="G$1" pin="P$152" pad="V10"/>
<connect gate="G$1" pin="P$138" pad="V13"/>
<connect gate="G$1" pin="P$132" pad="V14"/>
<connect gate="G$1" pin="P$127" pad="V15"/>
<connect gate="G$1" pin="P$122" pad="V16"/>
<connect gate="G$1" pin="P$116" pad="V18"/>
<connect gate="G$1" pin="P$99" pad="V19"/>
<connect gate="G$1" pin="P$100" pad="V20"/>
<connect gate="G$1" pin="P$98" pad="V21"/>
<connect gate="G$1" pin="P$170" pad="V6"/>
<connect gate="G$1" pin="P$159" pad="V9"/>
<connect gate="G$1" pin="P$123" pad="W16"/>
<connect gate="G$1" pin="P$112" pad="W19"/>
<connect gate="G$1" pin="P$102" pad="W21"/>
<connect gate="G$1" pin="P$101" pad="W22"/>
<connect gate="G$1" pin="P$164" pad="W8"/>
<connect gate="G$1" pin="P$157" pad="W9"/>
<connect gate="G$1" pin="P$153" pad="Y10"/>
<connect gate="G$1" pin="P$148" pad="Y11"/>
<connect gate="G$1" pin="P$133" pad="Y14"/>
<connect gate="G$1" pin="P$128" pad="Y15"/>
<connect gate="G$1" pin="P$121" pad="Y16"/>
<connect gate="G$1" pin="P$120" pad="Y17"/>
<connect gate="G$1" pin="P$113" pad="Y19"/>
<connect gate="G$1" pin="P$110" pad="Y20"/>
<connect gate="G$1" pin="P$104" pad="Y21"/>
<connect gate="G$1" pin="P$103" pad="Y22"/>
<connect gate="G$1" pin="P$158" pad="Y9"/>
