<?xml version="1.0" encoding="UTF-8"?>
<deploy
 date="2015.08.20.08:19:53"
 outputDirectory="C:/cygwin64/home/Mark/atari800_fpga/atari_800xl/eclaireXL/build_A2EBA/serial_loader/">
 <perimeter>
  <parameter
     name="AUTO_GENERATION_ID"
     type="Integer"
     defaultValue="0"
     onHdl="0"
     affectsHdl="1" />
  <parameter
     name="AUTO_UNIQUE_ID"
     type="String"
     defaultValue=""
     onHdl="0"
     affectsHdl="1" />
  <parameter
     name="AUTO_DEVICE_FAMILY"
     type="String"
     defaultValue="Cyclone V"
     onHdl="0"
     affectsHdl="1" />
  <parameter
     name="AUTO_DEVICE"
     type="String"
     defaultValue="5CEBA2F23C8"
     onHdl="0"
     affectsHdl="1" />
  <parameter
     name="AUTO_DEVICE_SPEEDGRADE"
     type="String"
     defaultValue="8"
     onHdl="0"
     affectsHdl="1" />
  <interface name="noe_in" kind="conduit" start="0">
   <property name="associatedClock" value="" />
   <property name="associatedReset" value="" />
   <port name="noe_in" direction="input" role="noe" width="1" />
  </interface>
 </perimeter>
 <entity
   path=""
   parameterizationKey="serial_loader:1.0:AUTO_DEVICE=5CEBA2F23C8,AUTO_DEVICE_FAMILY=Cyclone V,AUTO_DEVICE_SPEEDGRADE=8,AUTO_GENERATION_ID=1440051592,AUTO_UNIQUE_ID=(altera_serial_flash_loader:15.0:ENABLE_QUAD_SPI_SUPPORT=true,ENABLE_SHARED_ACCESS=OFF,ENHANCED_MODE=true,INTENDED_DEVICE_FAMILY=Cyclone V,NCSO_WIDTH=1,gui_shared_access=false)"
   instancePathKey="serial_loader"
   kind="serial_loader"
   version="1.0"
   name="serial_loader">
  <parameter name="AUTO_GENERATION_ID" value="1440051592" />
  <parameter name="AUTO_DEVICE" value="5CEBA2F23C8" />
  <parameter name="AUTO_DEVICE_FAMILY" value="Cyclone V" />
  <parameter name="AUTO_UNIQUE_ID" value="" />
  <parameter name="AUTO_DEVICE_SPEEDGRADE" value="8" />
  <generatedFiles>
   <file
       path="C:/cygwin64/home/Mark/atari800_fpga/atari_800xl/eclaireXL/build_A2EBA/serial_loader/synthesis/serial_loader.v"
       type="VERILOG" />
  </generatedFiles>
  <childGeneratedFiles>
   <file
       path="C:/cygwin64/home/Mark/atari800_fpga/atari_800xl/eclaireXL/build_A2EBA/serial_loader/synthesis/submodules/altera_serial_flash_loader.v"
       type="VERILOG"
       attributes="" />
  </childGeneratedFiles>
  <sourceFiles>
   <file
       path="C:/cygwin64/home/Mark/atari800_fpga/atari_800xl/eclaireXL/build_A2EBA/serial_loader.qsys" />
  </sourceFiles>
  <childSourceFiles>
   <file
       path="C:/altera/15.0/ip/altera/altera_serial_flash_loader/altera_serial_flash_loader_hw.tcl" />
  </childSourceFiles>
  <messages>
   <message level="Debug" culprit="serial_loader">queue size: 0 starting:serial_loader "serial_loader"</message>
   <message level="Progress" culprit="min"></message>
   <message level="Progress" culprit="max"></message>
   <message level="Progress" culprit="current"></message>
   <message level="Debug">Transform: CustomInstructionTransform</message>
   <message level="Debug">No custom instruction connections, skipping transform </message>
   <message level="Debug" culprit="merlin_custom_instruction_transform"><![CDATA[After transform: <b>1</b> modules, <b>0</b> connections]]></message>
   <message level="Debug">Transform: MMTransform</message>
   <message level="Debug">Transform: InterruptMapperTransform</message>
   <message level="Debug">Transform: InterruptSyncTransform</message>
   <message level="Debug">Transform: InterruptFanoutTransform</message>
   <message level="Debug">Transform: AvalonStreamingTransform</message>
   <message level="Debug">Transform: ResetAdaptation</message>
   <message level="Debug" culprit="serial_loader"><![CDATA["<b>serial_loader</b>" reuses <b>altera_serial_flash_loader</b> "<b>submodules/altera_serial_flash_loader</b>"]]></message>
   <message level="Debug" culprit="serial_loader">queue size: 0 starting:altera_serial_flash_loader "submodules/altera_serial_flash_loader"</message>
   <message level="Info" culprit="serial_flash_loader_0">generating top-level entity altera_serial_flash_loader</message>
   <message level="Info" culprit="serial_flash_loader_0"><![CDATA["<b>serial_loader</b>" instantiated <b>altera_serial_flash_loader</b> "<b>serial_flash_loader_0</b>"]]></message>
  </messages>
 </entity>
 <entity
   path="submodules/"
   parameterizationKey="altera_serial_flash_loader:15.0:ENABLE_QUAD_SPI_SUPPORT=true,ENABLE_SHARED_ACCESS=OFF,ENHANCED_MODE=true,INTENDED_DEVICE_FAMILY=Cyclone V,NCSO_WIDTH=1,gui_shared_access=false"
   instancePathKey="serial_loader:.:serial_flash_loader_0"
   kind="altera_serial_flash_loader"
   version="15.0"
   name="altera_serial_flash_loader">
  <parameter name="ENABLE_SHARED_ACCESS" value="OFF" />
  <parameter name="ENABLE_QUAD_SPI_SUPPORT" value="true" />
  <parameter name="ENHANCED_MODE" value="true" />
  <parameter name="gui_shared_access" value="false" />
  <parameter name="NCSO_WIDTH" value="1" />
  <parameter name="INTENDED_DEVICE_FAMILY" value="Cyclone V" />
  <generatedFiles>
   <file
       path="C:/cygwin64/home/Mark/atari800_fpga/atari_800xl/eclaireXL/build_A2EBA/serial_loader/synthesis/submodules/altera_serial_flash_loader.v"
       type="VERILOG"
       attributes="" />
  </generatedFiles>
  <childGeneratedFiles/>
  <sourceFiles>
   <file
       path="C:/altera/15.0/ip/altera/altera_serial_flash_loader/altera_serial_flash_loader_hw.tcl" />
  </sourceFiles>
  <childSourceFiles/>
  <instantiator instantiator="serial_loader" as="serial_flash_loader_0" />
  <messages>
   <message level="Debug" culprit="serial_loader">queue size: 0 starting:altera_serial_flash_loader "submodules/altera_serial_flash_loader"</message>
   <message level="Info" culprit="serial_flash_loader_0">generating top-level entity altera_serial_flash_loader</message>
   <message level="Info" culprit="serial_flash_loader_0"><![CDATA["<b>serial_loader</b>" instantiated <b>altera_serial_flash_loader</b> "<b>serial_flash_loader_0</b>"]]></message>
  </messages>
 </entity>
</deploy>
